Code,Biome,State,Latitude,Locality,Family,Temp,Well,Sex,Wing.length..mm.,Sex binary 0=F
APR 068,Amazon,Amazonas,-3.028,APR,2,A,3,F,2.667,0
APR 069,Amazon,Amazonas,-3.028,APR,2,B,1,M,2.666,1
APR 072,Amazon,Amazonas,-3.028,APR,2,B,1,M,2.693,1
APR 074,Amazon,Amazonas,-3.028,APR,2,B,2,F,2.61,0
APR 080,Amazon,Amazonas,-3.028,APR,2,B,3,M,2.468,1
APR 081,Amazon,Amazonas,-3.028,APR,2,B,3,F,2.455,0
APR 082,Amazon,Amazonas,-3.028,APR,2,B,3,M,2.641,1
APR 087,Amazon,Amazonas,-3.028,APR,2,C,1,F,2.631,0
APR 097,Amazon,Amazonas,-3.028,APR,2,C,3,M,2.78,1
APR 100,Amazon,Amazonas,-3.028,APR,3,A,1,F,2.764,0
APR 102,Amazon,Amazonas,-3.028,APR,3,A,1,F,2.705,0
APR 105,Amazon,Amazonas,-3.028,APR,3,A,2,M,2.731,1
APR 106,Amazon,Amazonas,-3.028,APR,3,A,2,M,2.712,1
APR 112,Amazon,Amazonas,-3.028,APR,3,A,3,M,2.763,1
APR 116,Amazon,Amazonas,-3.028,APR,3,B,1,M,2.55,1
APR 122,Amazon,Amazonas,-3.028,APR,3,B,2,F,2.66,0
APR 128,Amazon,Amazonas,-3.028,APR,3,B,3,M,2.78,1
APR 130,Amazon,Amazonas,-3.028,APR,3,C,1,F,2.526,0
APR 132,Amazon,Amazonas,-3.028,APR,3,C,1,F,2.619,0
APR 142,Amazon,Amazonas,-3.028,APR,3,C,3,M,2.632,1
APR 143,Amazon,Amazonas,-3.028,APR,3,C,3,M,2.858,1
APR 144,Amazon,Amazonas,-3.028,APR,4,A,1,F,2.821,0
APR 146,Amazon,Amazonas,-3.028,APR,4,A,1,F,2.646,0
APR 153,Amazon,Amazonas,-3.028,APR,4,A,2,M,2.836,1
APR 157,Amazon,Amazonas,-3.028,APR,4,A,3,M,2.852,1
APR 159,Amazon,Amazonas,-3.028,APR,4,B,1,M,2.646,1
APR 163,Amazon,Amazonas,-3.028,APR,4,B,1,M,2.546,1
APR 172,Amazon,Amazonas,-3.028,APR,4,B,3,F,2.806,0
APR 175,Amazon,Amazonas,-3.028,APR,4,C,1,F,2.402,0
APR 178,Amazon,Amazonas,-3.028,APR,4,C,1,M,2.483,1
APR 186,Amazon,Amazonas,-3.028,APR,4,C,3,M,2.491,1
APR 189,Amazon,Amazonas,-3.028,APR,7,A,1,M,2.692,1
APR 192,Amazon,Amazonas,-3.028,APR,7,A,1,M,2.828,1
APR 197,Amazon,Amazonas,-3.028,APR,7,A,2,M,2.863,1
APR 203,Amazon,Amazonas,-3.028,APR,7,A,3,F,2.814,0
APR 208,Amazon,Amazonas,-3.028,APR,7,B,1,F,2.755,0
APR 209,Amazon,Amazonas,-3.028,APR,7,B,2,M,2.672,1
APR 231,Amazon,Amazonas,-3.028,APR,7,C,3,M,2.52,1
APR 235,Amazon,Amazonas,-3.028,APR,8,A,1,M,2.565,1
APR 239,Amazon,Amazonas,-3.028,APR,8,A,2,F,2.789,0
APR 243,Amazon,Amazonas,-3.028,APR,8,A,2,M,2.861,1
APR 244,Amazon,Amazonas,-3.028,APR,8,A,3,M,2.764,1
APR 248,Amazon,Amazonas,-3.028,APR,8,A,3,M,2.828,1
APR 253,Amazon,Amazonas,-3.028,APR,8,B,1,F,2.607,0
APR 254,Amazon,Amazonas,-3.028,APR,8,B,2,M,2.487,1
APR 256,Amazon,Amazonas,-3.028,APR,8,B,2,F,2.576,0
APR 259,Amazon,Amazonas,-3.028,APR,8,B,3,F,2.388,0
APR 261,Amazon,Amazonas,-3.028,APR,8,B,3,M,2.3,1
APR 262,Amazon,Amazonas,-3.028,APR,8,B,3,F,2.534,0
APR 263,Amazon,Amazonas,-3.028,APR,8,B,3,M,2.568,1
APR 265,Amazon,Amazonas,-3.028,APR,8,C,1,F,2.444,0
APR 266,Amazon,Amazonas,-3.028,APR,8,C,1,M,2.519,1
APR 280,Amazon,Amazonas,-3.028,APR,10,A,1,F,2.691,0
APR 285,Amazon,Amazonas,-3.028,APR,10,A,2,M,2.753,1
APR 291,Amazon,Amazonas,-3.028,APR,10,A,3,M,2.583,1
APR 293,Amazon,Amazonas,-3.028,APR,10,A,3,M,2.808,1
APR 295,Amazon,Amazonas,-3.028,APR,10,B,1,F,2.511,0
APR 297,Amazon,Amazonas,-3.028,APR,10,B,1,F,2.775,0
APR 308,Amazon,Amazonas,-3.028,APR,10,B,3,M,2.86,1
APR 312,Amazon,Amazonas,-3.028,APR,10,C,1,M,2.694,1
APR 315,Amazon,Amazonas,-3.028,APR,10,C,2,F,2.256,0
APR 331,Amazon,Amazonas,-3.028,APR,14,A,2,F,2.668,0
APR 332,Amazon,Amazonas,-3.028,APR,14,A,2,F,2.625,0
APR 333,Amazon,Amazonas,-3.028,APR,14,A,2,M,2.935,1
APR 353,Amazon,Amazonas,-3.028,APR,14,B,3,F,2.811,0
APR 359,Amazon,Amazonas,-3.028,APR,14,C,2,F,2.516,0
APR 363,Amazon,Amazonas,-3.028,APR,14,C,2,F,2.47,0
APR 370,Amazon,Amazonas,-3.028,APR,19,A,1,M,2.701,1
APR 378,Amazon,Amazonas,-3.028,APR,19,A,2,F,2.758,0
APR 382,Amazon,Amazonas,-3.028,APR,19,A,3,M,2.813,1
APR 388,Amazon,Amazonas,-3.028,APR,19,B,1,F,2.759,0
APR 392,Amazon,Amazonas,-3.028,APR,19,B,2,F,2.488,0
APR 399,Amazon,Amazonas,-3.028,APR,19,C,1,F,2.45,0
APR 400,Amazon,Amazonas,-3.028,APR,19,C,1,M,2.447,1
APR 402,Amazon,Amazonas,-3.028,APR,19,C,1,M,2.461,1
APR 407,Amazon,Amazonas,-3.028,APR,19,C,2,M,2.418,1
APR 415,Amazon,Amazonas,-3.028,APR,18,A,1,F,2.682,0
APR 418,Amazon,Amazonas,-3.028,APR,18,A,1,M,2.892,1
APR 419,Amazon,Amazonas,-3.028,APR,18,A,2,F,2.65,0
APR 421,Amazon,Amazonas,-3.028,APR,18,A,2,M,2.706,1
APR 426,Amazon,Amazonas,-3.028,APR,18,A,3,M,2.586,1
APR 433,Amazon,Amazonas,-3.028,APR,18,B,1,F,2.659,0
APR 439,Amazon,Amazonas,-3.028,APR,18,B,3,M,2.602,1
APR 447,Amazon,Amazonas,-3.028,APR,18,C,1,F,2.415,0
APR 450,Amazon,Amazonas,-3.028,APR,18,C,2,F,2.4563,0
APR 452,Amazon,Amazonas,-3.028,APR,18,C,2,M,2.648,1
APR 457,Amazon,Amazonas,-3.028,APR,18,C,3,F,2.433,0
APR 464,Amazon,Amazonas,-3.028,APR,33,A,2,M,2.803,1
APR 472,Amazon,Amazonas,-3.028,APR,33,A,3,F,2.72,0
APR 474,Amazon,Amazonas,-3.028,APR,33,B,1,F,2.566,0
APR 475,Amazon,Amazonas,-3.028,APR,33,B,1,M,2.535,1
APR 477,Amazon,Amazonas,-3.028,APR,33,B,1,M,2.604,1
APR 478,Amazon,Amazonas,-3.028,APR,33,B,1,M,2.477,1
APR 480,Amazon,Amazonas,-3.028,APR,33,B,2,M,2.601,1
APR 483,Amazon,Amazonas,-3.028,APR,33,B,2,F,2.68,0
APR 492,Amazon,Amazonas,-3.028,APR,33,C,1,F,2.55,0
APR 496,Amazon,Amazonas,-3.028,APR,33,C,2,M,2.458,1
APR 500,Amazon,Amazonas,-3.028,APR,33,C,3,M,2.384,1
APR 501,Amazon,Amazonas,-3.028,APR,33,C,3,F,2.402,0
APR 504,Amazon,Amazonas,-3.028,APR,36,A,1,F,2.792,0
APR 506,Amazon,Amazonas,-3.028,APR,36,A,1,M,2.719,1
APR 509,Amazon,Amazonas,-3.028,APR,36,A,2,F,2.926,0
APR 515,Amazon,Amazonas,-3.028,APR,36,A,3,M,2.845,1
APR 523,Amazon,Amazonas,-3.028,APR,36,B,1,M,2.526,1
APR 527,Amazon,Amazonas,-3.028,APR,36,B,2,M,2.771,1
APR 531,Amazon,Amazonas,-3.028,APR,36,B,3,F,2.51,0
APR 534,Amazon,Amazonas,-3.028,APR,36,C,1,M,2.592,1
APR 542,Amazon,Amazonas,-3.028,APR,36,C,2,M,2.801,1
APR 544,Amazon,Amazonas,-3.028,APR,36,C,3,M,2.646,1
APR 546,Amazon,Amazonas,-3.028,APR,36,C,3,M,2.46,1
APR 562,Amazon,Amazonas,-3.028,APR,38,A,3,F,2.705,0
APR 567,Amazon,Amazonas,-3.028,APR,38,B,1,F,2.459,0
APR 569,Amazon,Amazonas,-3.028,APR,38,B,2,F,2.397,0
APR 571,Amazon,Amazonas,-3.028,APR,38,B,2,M,2.572,1
APR 573,Amazon,Amazonas,-3.028,APR,38,B,2,F,2.723,0
APR 575,Amazon,Amazonas,-3.028,APR,38,B,3,M,2.529,1
APR 585,Amazon,Amazonas,-3.028,APR,38,C,2,F,2.626,0
APR 589,Amazon,Amazonas,-3.028,APR,38,C,3,M,2.514,1
APR 591,Amazon,Amazonas,-3.028,APR,38,C,3,F,2.426,0
APR 593,Amazon,Amazonas,-3.028,APR,38,C,3,F,2.554,0
APR 605,Amazon,Amazonas,-3.028,APR,40,A,3,F,2.685,0
APR 606,Amazon,Amazonas,-3.028,APR,40,A,3,M,2.827,1
APR 624,Amazon,Amazonas,-3.028,APR,40,C,1,F,2.327,0
APR 627,Amazon,Amazonas,-3.028,APR,40,C,1,M,2.673,1
APR 631,Amazon,Amazonas,-3.028,APR,40,C,2,M,2.506,1
APR 639,Amazon,Amazonas,-3.028,APR,44,A,1,F,2.766,0
APR 641,Amazon,Amazonas,-3.028,APR,44,A,1,F,2.646,0
APR 643,Amazon,Amazonas,-3.028,APR,44,A,1,F,2.979,0
APR 657,Amazon,Amazonas,-3.028,APR,44,B,1,F,2.66,0
APR 664,Amazon,Amazonas,-3.028,APR,44,C,1,M,2.643,1
APR 670,Amazon,Amazonas,-3.028,APR,44,C,2,F,2.547,0
APR 675,Amazon,Amazonas,-3.028,APR,6,A,1,F,2.759,0
APR 677,Amazon,Amazonas,-3.028,APR,6,A,1,F,2.82,0
APR 677,Amazon,Amazonas,-3.028,APR,6,A,1,F,2.82,0
APR 678,Amazon,Amazonas,-3.028,APR,6,A,1,F,2.898,0
APR 702,Amazon,Amazonas,-3.028,APR,6,B,3,M,2.831,1
APR 709,Amazon,Amazonas,-3.028,APR,6,C,2,F,2.319,0
APR 712,Amazon,Amazonas,-3.028,APR,6,C,2,M,2.766,1
APR 714,Amazon,Amazonas,-3.028,APR,6,C,3,F,2.443,0
ARS 023,Amazon,Amazonas,-2.864,ARS,14,A,1,M,2.758,1
ARS 024,Amazon,Amazonas,-2.864,ARS,14,A,1,F,2.671,0
ARS 029,Amazon,Amazonas,-2.864,ARS,14,A,2,F,2.685,0
ARS 032,Amazon,Amazonas,-2.864,ARS,14,A,3,M,2.788,1
ARS 036,Amazon,Amazonas,-2.864,ARS,14,B,1,M,2.648,1
ARS 037,Amazon,Amazonas,-2.864,ARS,14,B,1,F,2.639,0
ARS 038,Amazon,Amazonas,-2.864,ARS,14,B,1,M,2.694,1
ARS 039,Amazon,Amazonas,-2.864,ARS,14,B,1,F,2.713,0
ARS 040,Amazon,Amazonas,-2.864,ARS,14,B,1,M,2.771,1
ARS 042,Amazon,Amazonas,-2.864,ARS,14,B,2,M,2.526,1
ARS 045,Amazon,Amazonas,-2.864,ARS,14,B,2,M,2.705,1
ARS 048,Amazon,Amazonas,-2.864,ARS,14,B,3,M,2.665,1
ARS 056,Amazon,Amazonas,-2.864,ARS,14,C,2,M,2.536,1
ARS 057,Amazon,Amazonas,-2.864,ARS,14,C,2,F,2.356,0
ARS 059,Amazon,Amazonas,-2.864,ARS,14,C,2,M,2.699,1
ARS 061,Amazon,Amazonas,-2.864,ARS,14,C,3,M,2.533,1
ARS 074,Amazon,Amazonas,-2.864,ARS,17,A,2,M,2.651,1
ARS 076,Amazon,Amazonas,-2.864,ARS,17,A,3,F,2.465,0
ARS 078,Amazon,Amazonas,-2.864,ARS,17,A,3,M,2.82,1
ARS 082,Amazon,Amazonas,-2.864,ARS,17,B,1,M,2.549,1
ARS 089,Amazon,Amazonas,-2.864,ARS,17,B,2,F,2.741,0
ARS 093,Amazon,Amazonas,-2.864,ARS,17,B,3,F,2.389,0
ARS 100,Amazon,Amazonas,-2.864,ARS,17,C,1,F,2.771,0
ARS 103,Amazon,Amazonas,-2.864,ARS,17,C,2,M,2.588,1
ARS 104,Amazon,Amazonas,-2.864,ARS,17,C,2,M,2.861,1
ARS 108,Amazon,Amazonas,-2.864,ARS,17,C,3,F,2.449,0
ARS 113,Amazon,Amazonas,-2.864,ARS,3,A,1,M,2.93,1
ARS 116,Amazon,Amazonas,-2.864,ARS,3,A,2,F,2.755,0
ARS 118,Amazon,Amazonas,-2.864,ARS,3,A,2,M,3.004,1
ARS 119,Amazon,Amazonas,-2.864,ARS,3,A,2,F,2.934,0
ARS 120,Amazon,Amazonas,-2.864,ARS,3,A,2,M,2.638,1
ARS 124,Amazon,Amazonas,-2.864,ARS,3,A,3,F,2.765,0
ARS 128,Amazon,Amazonas,-2.864,ARS,3,B,1,M,2.636,1
ARS 136,Amazon,Amazonas,-2.864,ARS,3,B,3,M,2.694,1
ARS 139,Amazon,Amazonas,-2.864,ARS,3,B,3,F,2.781,0
ARS 142,Amazon,Amazonas,-2.864,ARS,3,C,1,F,2.461,0
ARS 147,Amazon,Amazonas,-2.864,ARS,3,C,2,M,2.468,1
ARS 156,Amazon,Amazonas,-2.864,ARS,16,A,1,F,2.609,0
ARS 163,Amazon,Amazonas,-2.864,ARS,16,A,2,F,2.843,0
ARS 164,Amazon,Amazonas,-2.864,ARS,16,A,2,M,2.944,1
ARS 165,Amazon,Amazonas,-2.864,ARS,16,A,2,M,2.917,1
ARS 166,Amazon,Amazonas,-2.864,ARS,16,A,3,F,2.704,0
ARS 174,Amazon,Amazonas,-2.864,ARS,16,B,1,F,2.814,0
ARS 178,Amazon,Amazonas,-2.864,ARS,16,B,2,M,2.512,1
ARS 180,Amazon,Amazonas,-2.864,ARS,16,B,2,M,2.724,1
ARS 181,Amazon,Amazonas,-2.864,ARS,16,B,3,M,2.509,1
ARS 182,Amazon,Amazonas,-2.864,ARS,16,B,3,F,2.575,0
ARS 186,Amazon,Amazonas,-2.864,ARS,16,C,1,M,2.456,1
ARS 188,Amazon,Amazonas,-2.864,ARS,16,C,1,F,2.385,0
ARS 196,Amazon,Amazonas,-2.864,ARS,16,C,3,F,2.355,0
ARS 246,Amazon,Amazonas,-2.864,ARS,4,A,1,F,2.766,0
ARS 247,Amazon,Amazonas,-2.864,ARS,4,A,1,M,2.621,1
ARS 251,Amazon,Amazonas,-2.864,ARS,4,A,2,M,2.692,1
ARS 254,Amazon,Amazonas,-2.864,ARS,4,A,2,F,2.745,0
ARS 255,Amazon,Amazonas,-2.864,ARS,4,A,2,F,2.659,0
ARS 259,Amazon,Amazonas,-2.864,ARS,4,A,3,M,2.725,1
ARS 261,Amazon,Amazonas,-2.864,ARS,4,B,1,M,2.576,1
ARS 264,Amazon,Amazonas,-2.864,ARS,4,B,1,F,2.785,0
ARS 265,Amazon,Amazonas,-2.864,ARS,4,B,1,F,2.547,0
ARS 268,Amazon,Amazonas,-2.864,ARS,4,B,2,M,2.856,1
ARS 269,Amazon,Amazonas,-2.864,ARS,4,B,2,M,2.836,1
ARS 272,Amazon,Amazonas,-2.864,ARS,4,B,3,F,2.483,0
ARS 276,Amazon,Amazonas,-2.864,ARS,4,C,1,F,2.345,0
ARS 278,Amazon,Amazonas,-2.864,ARS,4,C,1,M,2.593,1
ARS 282,Amazon,Amazonas,-2.864,ARS,4,C,2,F,2.439,0
ARS 287,Amazon,Amazonas,-2.864,ARS,4,C,3,M,2.478,1
ARS 294,Amazon,Amazonas,-2.864,ARS,1,A,1,M,2.787,1
ARS 300,Amazon,Amazonas,-2.864,ARS,1,A,2,M,2.999,1
ARS 303,Amazon,Amazonas,-2.864,ARS,1,A,3,F,2.715,0
ARS 306,Amazon,Amazonas,-2.864,ARS,1,B,1,F,2.724,0
ARS 313,Amazon,Amazonas,-2.864,ARS,1,B,2,M,2.495,1
ARS 322,Amazon,Amazonas,-2.864,ARS,1,C,1,M,2.759,1
ARS 325,Amazon,Amazonas,-2.864,ARS,1,C,1,F,2.551,0
ARS 326,Amazon,Amazonas,-2.864,ARS,1,C,2,M,2.563,1
ARS 332,Amazon,Amazonas,-2.864,ARS,1,C,3,M,2.417,1
ARS 335,Amazon,Amazonas,-2.864,ARS,1,C,3,M,2.965,1
ARS 343,Amazon,Amazonas,-2.864,ARS,9,A,2,F,2.779,0
ARS 351,Amazon,Amazonas,-2.864,ARS,9,B,1,M,2.696,1
ARS 353,Amazon,Amazonas,-2.864,ARS,9,B,1,F,2.697,0
ARS 356,Amazon,Amazonas,-2.864,ARS,9,B,2,M,2.682,1
ARS 362,Amazon,Amazonas,-2.864,ARS,9,B,3,F,2.319,0
ARS 364,Amazon,Amazonas,-2.864,ARS,9,B,3,M,2.454,1
ARS 369,Amazon,Amazonas,-2.864,ARS,9,C,1,F,2.537,0
ARS 371,Amazon,Amazonas,-2.864,ARS,9,C,2,M,2.519,1
ARS 372,Amazon,Amazonas,-2.864,ARS,9,C,2,F,2.443,0
ARS 373,Amazon,Amazonas,-2.864,ARS,9,C,2,F,2.483,0
ARS 378,Amazon,Amazonas,-2.864,ARS,9,C,3,F,2.321,0
ARS 379,Amazon,Amazonas,-2.864,ARS,9,C,3,M,2.396,1
ARS 384,Amazon,Amazonas,-2.864,ARS,6,A,1,M,2.725,1
ARS 390,Amazon,Amazonas,-2.864,ARS,6,A,2,M,2.896,1
ARS 391,Amazon,Amazonas,-2.864,ARS,6,A,3,F,2.725,0
ARS 393,Amazon,Amazonas,-2.864,ARS,6,A,3,F,2.599,0
ARS 400,Amazon,Amazonas,-2.864,ARS,6,B,1,M,2.681,1
ARS 404,Amazon,Amazonas,-2.864,ARS,6,B,2,F,2.559,0
ARS 413,Amazon,Amazonas,-2.864,ARS,6,C,1,M,2.566,1
ARS 416,Amazon,Amazonas,-2.864,ARS,6,C,2,M,2.483,1
ARS 417,Amazon,Amazonas,-2.864,ARS,6,C,2,F,2.523,0
ARS 421,Amazon,Amazonas,-2.864,ARS,6,C,3,M,2.592,1
ARS 422,Amazon,Amazonas,-2.864,ARS,6,C,3,M,2.576,1
ARS 434,Amazon,Amazonas,-2.864,ARS,13,A,2,M,2.747,1
ARS 436,Amazon,Amazonas,-2.864,ARS,13,A,3,M,2.76,1
ARS 438,Amazon,Amazonas,-2.864,ARS,13,A,3,F,2.63,0
ARS 449,Amazon,Amazonas,-2.864,ARS,13,B,2,F,2.663,0
ARS 454,Amazon,Amazonas,-2.864,ARS,13,B,3,F,2.638,0
ARS 456,Amazon,Amazonas,-2.864,ARS,13,C,1,M,2.397,1
ARS 459,Amazon,Amazonas,-2.864,ARS,13,C,1,F,2.614,0
ARS 462,Amazon,Amazonas,-2.864,ARS,13,C,2,F,2.269,0
ARS 470,Amazon,Amazonas,-2.864,ARS,13,C,3,F,2.4,0
ARS 516,Amazon,Amazonas,-2.864,ARS,8,A,1,M,2.709,1
ARS 521,Amazon,Amazonas,-2.864,ARS,8,A,2,M,2.744,1
ARS 523,Amazon,Amazonas,-2.864,ARS,8,A,2,F,2.703,0
ARS 524,Amazon,Amazonas,-2.864,ARS,8,A,2,F,2.653,0
ARS 525,Amazon,Amazonas,-2.864,ARS,8,A,2,F,2.892,0
ARS 531,Amazon,Amazonas,-2.864,ARS,8,B,1,F,2.64,0
ARS 533,Amazon,Amazonas,-2.864,ARS,8,B,1,F,2.746,0
ARS 537,Amazon,Amazonas,-2.864,ARS,8,B,2,F,2.593,0
ARS 545,Amazon,Amazonas,-2.864,ARS,8,B,3,F,2.708,0
ARS 556,Amazon,Amazonas,-2.864,ARS,8,C,3,F,2.459,0
ARS 559,Amazon,Amazonas,-2.864,ARS,8,C,3,F,2.57,0
ARS 560,Amazon,Amazonas,-2.864,ARS,8,C,3,F,2.346,0
RMO 056,Amazon,Rondonia,-9.223,RMO,26,A,3,M,2.732,1
RMO 059,Amazon,Rondonia,-9.223,RMO,26,A,3,F,2.965,0
RMO 062,Amazon,Rondonia,-9.223,RMO,26,B,1,F,2.656,0
RMO 063,Amazon,Rondonia,-9.223,RMO,26,B,1,F,3.011,0
RMO 071,Amazon,Rondonia,-9.223,RMO,26,B,3,M,2.683,1
RMO 080,Amazon,Rondonia,-9.223,RMO,26,C,1,M,2.486,1
RMO 084,Amazon,Rondonia,-9.223,RMO,26,C,2,F,2.751,0
RMO 085,Amazon,Rondonia,-9.223,RMO,26,C,2,M,2.612,1
RMO 093,Amazon,Rondonia,-9.223,RMO,33,A,1,M,2.834,1
RMO 098,Amazon,Rondonia,-9.223,RMO,33,A,. 2,F,2.781,0
RMO 099,Amazon,Rondonia,-9.223,RMO,33,A,2,F,2.85,0
RMO 101,Amazon,Rondonia,-9.223,RMO,33,A,3,M,2.709,1
RMO 106,Amazon,Rondonia,-9.223,RMO,33,B,1,M,2.708,1
RMO 114,Amazon,Rondonia,-9.223,RMO,33,B,2,M,2.795,1
RMO 118,Amazon,Rondonia,-9.223,RMO,33,B,3,F,2.496,0
RMO 122,Amazon,Rondonia,-9.223,RMO,33,C,1,F,2.376,0
RMO 148,Amazon,Rondonia,-9.223,RMO,39,A,3,F,2.624,0
RMO 171,Amazon,Rondonia,-9.223,RMO,39,C,2,F,2.548,0
RMO 178,Amazon,Rondonia,-9.223,RMO,39,C,3,F,2.392,0
RMO 181,Amazon,Rondonia,-9.223,RMO,41,A,1,F,2.881,0
RMO 187,Amazon,Rondonia,-9.223,RMO,41,A,2,F,2.896,0
RMO 192,Amazon,Rondonia,-9.223,RMO,41,A,3,M,2.703,1
RMO 194,Amazon,Rondonia,-9.223,RMO,41,A,3,M,2.62,1
RMO 197,Amazon,Rondonia,-9.223,RMO,41,B,1,M,2.566605836,1
RMO 198,Amazon,Rondonia,-9.223,RMO,41,B,1,M,2.773966318,1
RMO 199,Amazon,Rondonia,-9.223,RMO,41,B,1,M,2.734925705,1
RMO 205,Amazon,Rondonia,-9.223,RMO,41,B,2,F,2.623553374,0
RMO 211,Amazon,Rondonia,-9.223,RMO,41,C,1,M,2.701253257,1
RMO 216,Amazon,Rondonia,-9.223,RMO,41,C,2,M,2.46947039,1
RMO 217,Amazon,Rondonia,-9.223,RMO,41,C,2,F,2.557645856,0
RMO 219,Amazon,Rondonia,-9.223,RMO,41,C,2,M,2.747174379,1
RMO 221,Amazon,Rondonia,-9.223,RMO,41,C,3,M,2.512826396,1
RMO 226,Amazon,Rondonia,-9.223,RMO,6,A,1,M,2.969844075,1
RMO 227,Amazon,Rondonia,-9.223,RMO,6,A,1,F,2.823860601,0
RMO 231,Amazon,Rondonia,-9.223,RMO,6,A,2,F,2.775397177,0
RMO 233,Amazon,Rondonia,-9.223,RMO,6,A,2,M,2.800080311,1
RMO 241,Amazon,Rondonia,-9.223,RMO,6,B,1,F,2.721223355,0
RMO 247,Amazon,Rondonia,-9.223,RMO,6,B,2,F,2.684588149,0
RMO 258,Amazon,Rondonia,-9.223,RMO,6,C,1,F,2.61634041,0
RMO 266,Amazon,Rondonia,-9.223,RMO,6,C,3,F,2.454920607,0
RMO 273,Amazon,Rondonia,-9.223,RMO,18,A,1,M,2.955,1
RMO 284,Amazon,Rondonia,-9.223,RMO,18,A,3,F,2.83,0
RMO 286,Amazon,Rondonia,-9.223,RMO,18,B,1,M,2.753,1
RMO 288,Amazon,Rondonia,-9.223,RMO,18,B,1,F,2.74,0
RMO 308,Amazon,Rondonia,-9.223,RMO,18,C,2,F,2.528,0
RMO 311,Amazon,Rondonia,-9.223,RMO,18,C,3,M,2.504,1
RMO 312,Amazon,Rondonia,-9.223,RMO,18,C,3,M,2.497,1
RMO 316,Amazon,Rondonia,-9.223,RMO,24,A,1,M,2.755,1
RMO 322,Amazon,Rondonia,-9.223,RMO,24,A,2,F,2.916,0
RMO 324,Amazon,Rondonia,-9.223,RMO,24,A,2,F,2.972,0
RMO 327,Amazon,Rondonia,-9.223,RMO,24,A,3,M,2.871,1
RMO 328,Amazon,Rondonia,-9.223,RMO,24,A,3,F,2.866,0
RMO 331,Amazon,Rondonia,-9.223,RMO,24,B,1,M,2.75,1
RMO 333,Amazon,Rondonia,-9.223,RMO,24,B,1,M,2.747,1
RMO 335,Amazon,Rondonia,-9.223,RMO,24,B,1,M,3.038,1
RMO 336,Amazon,Rondonia,-9.223,RMO,24,B,2,F,2.561,0
RMO 338,Amazon,Rondonia,-9.223,RMO,24,B,2,M,2.686,1
RMO 341,Amazon,Rondonia,-9.223,RMO,24,B,3,M,2.781,1
RMO 344,Amazon,Rondonia,-9.223,RMO,24,B,3,F,2.632,0
RMO 345,Amazon,Rondonia,-9.223,RMO,24,B,3,M,2.871,1
RMO 348,Amazon,Rondonia,-9.223,RMO,24,C,1,F,2.473,0
RMO 364,Amazon,Rondonia,-9.223,RMO,27,A,1,M,2.818,1
RMO 368,Amazon,Rondonia,-9.223,RMO,27,A,2,M,2.72,1
RMO 369,Amazon,Rondonia,-9.223,RMO,27,A,2,F,2.627,0
RMO 391,Amazon,Rondonia,-9.223,RMO,27,C,1,F,2.531,0
RMO 396,Amazon,Rondonia,-9.223,RMO,27,C,2,F,2.389,0
RMO 403,Amazon,Rondonia,-9.223,RMO,27,C,3,M,2.591,1
RMO 404,Amazon,Rondonia,-9.223,RMO,27,C,3,M,2.348,1
RMO 411,Amazon,Rondonia,-9.223,RMO,28,A,2,M,2.687,1
RMO 413,Amazon,Rondonia,-9.223,RMO,28,A,2,M,2.734,1
RMO 414,Amazon,Rondonia,-9.223,RMO,28,A,2,M,2.825,1
RMO 417,Amazon,Rondonia,-9.223,RMO,28,A,3,F,2.667,0
RMO 423,Amazon,Rondonia,-9.223,RMO,28,B,1,M,2.426,1
RMO 432,Amazon,Rondonia,-9.223,RMO,28,B,3,F,2.409,0
RMO 442,Amazon,Rondonia,-9.223,RMO,28,C,2,M,2.595,1
RMO 449,Amazon,Rondonia,-9.223,RMO,28,C,3,F,2.546,0
RMO 458,Amazon,Rondonia,-9.223,RMO,30,A,2,M,2.85,1
RMO 459,Amazon,Rondonia,-9.223,RMO,30,A,2,F,2.608,0
RMO 472,Amazon,Rondonia,-9.223,RMO,30,B,2,M,2.615,1
RMO 475,Amazon,Rondonia,-9.223,RMO,30,B,2,M,2.705,1
RMO 476,Amazon,Rondonia,-9.223,RMO,30,B,3,M,2.615,1
RMO 491,Amazon,Rondonia,-9.223,RMO,30,C,3,M,2.591,1
RMO 499,Amazon,Rondonia,-9.223,RMO,36,A,1,F,2.9,0
RMO 501,Amazon,Rondonia,-9.223,RMO,36,A,2,M,2.607,1
RMO 503,Amazon,Rondonia,-9.223,RMO,36,A,2,F,2.576,0
RMO 504,Amazon,Rondonia,-9.223,RMO,36,A,2,M,2.565,1
RMO 505,Amazon,Rondonia,-9.223,RMO,36,A,2,F,2.682,0
RMO 507,Amazon,Rondonia,-9.223,RMO,36,A,3,F,2.739,0
RMO 513,Amazon,Rondonia,-9.223,RMO,36,B,1,F,2.59,0
RMO 518,Amazon,Rondonia,-9.223,RMO,36,B,2,M,2.444,1
RMO 520,Amazon,Rondonia,-9.223,RMO,36,B,2,F,2.664,0
RMO 521,Amazon,Rondonia,-9.223,RMO,36,B,3,M,2.562,1
RMO 536,Amazon,Rondonia,-9.223,RMO,36,C,3,M,2.627,1
RMO 537,Amazon,Rondonia,-9.223,RMO,36,C,3,F,2.496,0
RMO 538,Amazon,Rondonia,-9.223,RMO,36,C,3,F,2.423,0
RMO 539,Amazon,Rondonia,-9.223,RMO,36,C,3,M,2.772,1
RMO 541,Amazon,Rondonia,-9.223,RMO,42,A,1,M,2.813,1
RMO 542,Amazon,Rondonia,-9.223,RMO,42,A,1,F,2.657,0
RMO 543,Amazon,Rondonia,-9.223,RMO,42,A,1,F,2.594,0
RMO 546,Amazon,Rondonia,-9.223,RMO,42,A,2,M,2.941,1
RMO 554,Amazon,Rondonia,-9.223,RMO,42,A,3,F,2.801,0
RMO 557,Amazon,Rondonia,-9.223,RMO,42,B,1,F,2.602,0
RMO 561,Amazon,Rondonia,-9.223,RMO,42,B,2,F,2.717,0
RMO 562,Amazon,Rondonia,-9.223,RMO,42,B,2,M,2.621,1
RMO 571,Amazon,Rondonia,-9.223,RMO,42,C,1,F,2.521,0
RMO 573,Amazon,Rondonia,-9.223,RMO,42,C,1,F,2.556,0
RMO 596,Amazon,Rondonia,-9.223,RMO,13,A,3,M,2.79,1
RMO 598,Amazon,Rondonia,-9.223,RMO,13,A,3,F,2.625,0
RMO 602,Amazon,Rondonia,-9.223,RMO,13,B,1,F,2.593,0
RMO 603,Amazon,Rondonia,-9.223,RMO,13,B,1,F,2.532,0
RMO 605,Amazon,Rondonia,-9.223,RMO,13,B,1,F,2.64,0
RMO 611,Amazon,Rondonia,-9.223,RMO,13,B,3,F,2.407,0
RMO 625,Amazon,Rondonia,-9.223,RMO,13,C,2,M,2.811,1
RMO 629,Amazon,Rondonia,-9.223,RMO,13,C,3,F,2.551,0
RMO 639,Amazon,Rondonia,-9.223,RMO,17,A,2,M,2.892,1
RMO 641,Amazon,Rondonia,-9.223,RMO,17,A,3,F,2.938,0
RMO 646,Amazon,Rondonia,-9.223,RMO,17,B,1,M,2.714,1
RMO 653,Amazon,Rondonia,-9.223,RMO,17,B,2,M,2.664,1
RMO 656,Amazon,Rondonia,-9.223,RMO,17,B,3,M,2.618,1
RMO 657,Amazon,Rondonia,-9.223,RMO,17,B,3,M,2.407,1
RMO 659,Amazon,Rondonia,-9.223,RMO,17,B,3,F,2.674,0
RMO 663,Amazon,Rondonia,-9.223,RMO,17,C,1,F,2.549,0
RMO 671,Amazon,Rondonia,-9.223,RMO,17,C,3,M,2.443,1
RMO 674,Amazon,Rondonia,-9.223,RMO,17,C,3,F,2.45,0
RMO 682,Amazon,Rondonia,-9.223,RMO,5,A,2,F,2.731,0
RMO 691,Amazon,Rondonia,-9.223,RMO,5,B,1,F,2.615,0
RMO 694,Amazon,Rondonia,-9.223,RMO,5,B,1,F,2.425,0
RMO 696,Amazon,Rondonia,-9.223,RMO,5,B,2,F,2.655,0
RMO 700,Amazon,Rondonia,-9.223,RMO,5,B,2,M,2.794,1
RMO 701,Amazon,Rondonia,-9.223,RMO,5,B,3,F,2.524,0
RMO 702,Amazon,Rondonia,-9.223,RMO,5,B,3,F,2.56,0
RMO 707,Amazon,Rondonia,-9.223,RMO,5,C,1,M,2.548,1
RMO 708,Amazon,Rondonia,-9.223,RMO,5,C,1,M,2.516,1
RMO 709,Amazon,Rondonia,-9.223,RMO,5,C,1 .,M,2.707,1
RMO 712,Amazon,Rondonia,-9.223,RMO,5,C,2,M,2.41,1
RMO 716,Amazon,Rondonia,-9.223,RMO,5,C,3,F,2.256,0
RPV 095,Amazon,Rondonia,-8.742,RPV,11,A,1,M,2.892,1
RPV 103,Amazon,Rondonia,-8.742,RPV,11,A,2,F,2.865,0
RPV 116,Amazon,Rondonia,-8.742,RPV,11,B,2,M,2.612,1
RPV 119,Amazon,Rondonia,-8.742,RPV,11,B,2,F,2.522,0
RPV 123,Amazon,Rondonia,-8.742,RPV,11,B,3,F,2.73,0
RPV 125,Amazon,Rondonia,-8.742,RPV,11,C,1,M,2.328,1
RPV 142,Amazon,Rondonia,-8.742,RPV,23,A,1,M,2.703,1
RPV 147,Amazon,Rondonia,-8.742,RPV,23,A,2,M,3.038,1
RPV 156,Amazon,Rondonia,-8.742,RPV,23,B,1,M,2.611,1
RPV 159,Amazon,Rondonia,-8.742,RPV,23,B,1,M,2.816,1
RPV 167,Amazon,Rondonia,-8.742,RPV,23,B,3,M,2.736,1
RPV 174,Amazon,Rondonia,-8.742,RPV,23,C,1,M,2.524,1
RPV 176,Amazon,Rondonia,-8.742,RPV,23,C,2,M,2.528,1
RPV 177,Amazon,Rondonia,-8.742,RPV,23,C,2,F,2.237,0
RPV 181,Amazon,Rondonia,-8.742,RPV,23,C,3,M,2.602,1
RPV 185,Amazon,Rondonia,-8.742,RPV,25,A,1,F,2.752,0
RPV 191,Amazon,Rondonia,-8.742,RPV,25,A,2,F,2.778,0
RPV 195,Amazon,Rondonia,-8.742,RPV,25,A,3,F,2.765,0
RPV 220,Amazon,Rondonia,-8.742,RPV,25,C,2,F,2.373,0
RPV 243,Amazon,Rondonia,-8.742,RPV,38,A,3,M,2.81,1
RPV 244,Amazon,Rondonia,-8.742,RPV,38,A,3,M,3.053,1
RPV 246,Amazon,Rondonia,-8.742,RPV,38,B,1,M,2.59,1
RPV 252,Amazon,Rondonia,-8.742,RPV,38,B,2,M,2.789,1
RPV 254,Amazon,Rondonia,-8.742,RPV,38,B,2,F,2.577,0
RPV 258,Amazon,Rondonia,-8.742,RPV,38,B,3,F,2.668,0
RPV 259,Amazon,Rondonia,-8.742,RPV,38,B,3,F,2.622,0
RPV 263,Amazon,Rondonia,-8.742,RPV,38,C,1,M,2.587,1
RPV 273,Amazon,Rondonia,-8.742,RPV,38,C,3,F,2.174,0
RPV 280,Amazon,Rondonia,-8.742,RPV,12,A,2,F,2.643,0
RPV 281,Amazon,Rondonia,-8.742,RPV,12,A,2,F,2.604,0
RPV 290,Amazon,Rondonia,-8.742,RPV,12,B,1,F,2.73,0
RPV 297,Amazon,Rondonia,-8.742,RPV,12,B,2,F,2.609,0
RPV 300,Amazon,Rondonia,-8.742,RPV,12,B,3,F,2.577,0
RPV 310,Amazon,Rondonia,-8.742,RPV,12,C,2,F,2.439,0
RPV 312,Amazon,Rondonia,-8.742,RPV,12,C,2,F,2.594,0
RPV 315,Amazon,Rondonia,-8.742,RPV,12,C,3,F,2.594,0
RPV 329,Amazon,Rondonia,-8.742,RPV,17,A,2,M,2.997,1
RPV 330,Amazon,Rondonia,-8.742,RPV,17,A,3,M,2.9,1
RPV 337,Amazon,Rondonia,-8.742,RPV,17,B,1,M,2.426,1
RPV 339,Amazon,Rondonia,-8.742,RPV,17,B,1,M,2.721,1
RPV 344,Amazon,Rondonia,-8.742,RPV,17,B,2,M,3.034,1
RPV 346,Amazon,Rondonia,-8.742,RPV,17,B,3,M,2.503,1
RPV 350,Amazon,Rondonia,-8.742,RPV,17,C,1,M,2.603,1
RPV 366,Amazon,Rondonia,-8.742,RPV,18,A,1,F,2.799,0
RPV 371,Amazon,Rondonia,-8.742,RPV,18,A,2,M,2.862,1
RPV 372,Amazon,Rondonia,-8.742,RPV,18,A,2,F,2.851,0
RPV 374,Amazon,Rondonia,-8.742,RPV,18,A,2,F,2.887,0
RPV 375,Amazon,Rondonia,-8.742,RPV,18,A,3,M,2.963,1
RPV 391,Amazon,Rondonia,-8.742,RPV,18,B,3,M,2.749,1
RPV 395,Amazon,Rondonia,-8.742,RPV,18,C,1,F,2.506,0
RPV 399,Amazon,Rondonia,-8.742,RPV,18,C,1,F,2.601,0
RPV 405,Amazon,Rondonia,-8.742,RPV,18,C,3,M,2.388,1
RPV 407,Amazon,Rondonia,-8.742,RPV,18,C,3,M,2.449,1
RPV 418,Amazon,Rondonia,-8.742,RPV,19,A,2,M,2.939,1
RPV 425,Amazon,Rondonia,-8.742,RPV,19,B,1,M,2.742,1
RPV 432,Amazon,Rondonia,-8.742,RPV,19,B,2,F,2.549,0
RPV 434,Amazon,Rondonia,-8.742,RPV,19,B,2,F,2.775,0
RPV 435,Amazon,Rondonia,-8.742,RPV,19,B,3,F,2.589,0
RPV 439,Amazon,Rondonia,-8.742,RPV,19,B,3,M,2.641,1
RPV 440,Amazon,Rondonia,-8.742,RPV,19,C,1,F,2.574,0
RPV 441,Amazon,Rondonia,-8.742,RPV,19,C,1,F,2.421,0
RPV 445,Amazon,Rondonia,-8.742,RPV,19,C,2,F,2.334,0
RPV 455,Amazon,Rondonia,-8.742,RPV,20,A,1,M,2.702,1
RPV 461,Amazon,Rondonia,-8.742,RPV,20,A,2,F,2.463,0
RPV 461,Amazon,Rondonia,-8.742,RPV,20,A,2,F,2.463,0
RPV 462,Amazon,Rondonia,-8.742,RPV,20,A,2,F,2.485,0
RPV 463,Amazon,Rondonia,-8.742,RPV,20,A,2,M,2.598,1
RPV 470,Amazon,Rondonia,-8.742,RPV,20,B,1,F,2.608,0
RPV 472,Amazon,Rondonia,-8.742,RPV,20,B,1,M,2.505,1
RPV 474,Amazon,Rondonia,-8.742,RPV,20,B,1,F,2.601,0
RPV 475,Amazon,Rondonia,-8.742,RPV,20,B,2,F,2.602,0
RPV 479,Amazon,Rondonia,-8.742,RPV,20,B,2,F,2.651,0
RPV 480,Amazon,Rondonia,-8.742,RPV,20,B,3,F,2.713,0
RPV 483,Amazon,Rondonia,-8.742,RPV,20,B,3,F,2.717,0
RPV 487,Amazon,Rondonia,-8.742,RPV,20,C,1,M,2.756,1
RPV 495,Amazon,Rondonia,-8.742,RPV,20,C,3,F,2.197,0
RPV 497,Amazon,Rondonia,-8.742,RPV,20,C,3,F,2.369,0
RPV 499,Amazon,Rondonia,-8.742,RPV,20,C,3,M,2.551,1
RPV 502,Amazon,Rondonia,-8.742,RPV,28,A,1,F,2.922,0
RPV 503,Amazon,Rondonia,-8.742,RPV,28,A,1,F,2.671,0
RPV 520,Amazon,Rondonia,-8.742,RPV,28,B,2,F,2.537,0
RPV 540,Amazon,Rondonia,-8.742,RPV,28,C,3,M,2.308,1
RPV 542,Amazon,Rondonia,-8.742,RPV,28,C,3,M,2.481,1
RPV 543,Amazon,Rondonia,-8.742,RPV,28,C,3,F,2.561,0
RPV 545,Amazon,Rondonia,-8.742,RPV,37,A,1,F,2.379,0
RPV 549,Amazon,Rondonia,-8.742,RPV,37,A,1,F,2.808,0
RPV 550,Amazon,Rondonia,-8.742,RPV,37,A,2,M,2.946,1
RPV 551,Amazon,Rondonia,-8.742,RPV,37,A,2,M,2.838,1
RPV 556,Amazon,Rondonia,-8.742,RPV,37,A,3,M,2.883,1
RPV 562,Amazon,Rondonia,-8.742,RPV,37,B,1,M,2.596,1
RPV 566,Amazon,Rondonia,-8.742,RPV,37,B,2,F,2.483,0
RPV 570,Amazon,Rondonia,-8.742,RPV,37,B,3,M,2.59,1
RPV 574,Amazon,Rondonia,-8.742,RPV,37,B,3,F,2.629,0
RPV 578,Amazon,Rondonia,-8.742,RPV,37,C,1,F,2.405,0
RPV 580,Amazon,Rondonia,-8.742,RPV,37,C,2,M,2.631,1
RPV 582,Amazon,Rondonia,-8.742,RPV,37,C,2,F,2.307,0
RPV 591,Amazon,Rondonia,-8.742,RPV,43,A,1,F,2.802,0
RPV 594,Amazon,Rondonia,-8.742,RPV,43,A,1,M,3.068,1
RPV 602,Amazon,Rondonia,-8.742,RPV,43,A,3,F,3.029,0
RPV 603,Amazon,Rondonia,-8.742,RPV,43,A,3,M,2.923,1
RPV 604,Amazon,Rondonia,-8.742,RPV,43,A,3,M,3.05,1
RPV 613,Amazon,Rondonia,-8.742,RPV,43,B,2,M,2.656,1
RPV 614,Amazon,Rondonia,-8.742,RPV,43,B,2,M,2.935,1
RPV 621,Amazon,Rondonia,-8.742,RPV,43,C,1,M,2.545,1
RPV 635,Amazon,Rondonia,-8.742,RPV,33,A,1,F,2.674,0
RPV 649,Amazon,Rondonia,-8.742,RPV,33,A,3,F,2.802,0
RPV 652,Amazon,Rondonia,-8.742,RPV,33,B,1,M,2.484,1
RPV 653,Amazon,Rondonia,-8.742,RPV,33,B,1,M,2.665,1
RPV 658,Amazon,Rondonia,-8.742,RPV,33,B,2,M,2.84,1
RPV 662,Amazon,Rondonia,-8.742,RPV,33,B,3,F,2.557,0
RPV 664,Amazon,Rondonia,-8.742,RPV,33,B,3,F,2.474,0
RPV 665,Amazon,Rondonia,-8.742,RPV,33,C,1,M,2.455,1
RPV 669,Amazon,Rondonia,-8.742,RPV,33,C,1,F,2.271,0
RPV 670,Amazon,Rondonia,-8.742,RPV,33,C,2,M,2.462,1
RPV 677,Amazon,Rondonia,-8.742,RPV,33,C,3,M,2.42,1
RPV 688,Amazon,Rondonia,-8.742,RPV,42,A,2,F,2.717,0
RPV 690,Amazon,Rondonia,-8.742,RPV,42,A,3,M,2.586,1
RPV 691,Amazon,Rondonia,-8.742,RPV,42,A,3,M,2.68,1
RPV 693,Amazon,Rondonia,-8.742,RPV,42,A,3,F,2.767,0
RPV 706,Amazon,Rondonia,-8.742,RPV,42,B,3,F,2.538,0
RPV 709,Amazon,Rondonia,-8.742,RPV,42,B,3,F,2.485,0
RPV 711,Amazon,Rondonia,-8.742,RPV,42,C,1,F,2.305,0
RPV 714,Amazon,Rondonia,-8.742,RPV,42,C,1,M,2.568,1
RPV 717,Amazon,Rondonia,-8.742,RPV,42,C,2,F,2.459,0
RPV 722,Amazon,Rondonia,-8.742,RPV,42,C,3,F,2.343,0
RPV 726,Amazon,Rondonia,-8.742,RPV,15,A,1,M,2.838,1
RPV 728,Amazon,Rondonia,-8.742,RPV,15,A,1,F,2.977,0
RPV 729,Amazon,Rondonia,-8.742,RPV,15,A,1,M,3.122,1
RPV 755,Amazon,Rondonia,-8.742,RPV,15,C,1,F,2.436,0
RPV 766,Amazon,Rondonia,-8.742,RPV,15,C,3,M,2.479,1
SJU 014,Mata Atlantica,Rio de Janeiro,-22.611,SJU,6,A,1,F,3.051,0
SJU 022,Mata Atlantica,Rio de Janeiro,-22.611,SJU,6,A,2,F,2.853,0
SJU 026,Mata Atlantica,Rio de Janeiro,-22.611,SJU,6,A,3,M,2.982,1
SJU 034,Mata Atlantica,Rio de Janeiro,-22.611,SJU,6,B,2,F,2.53,0
SJU 037,Mata Atlantica,Rio de Janeiro,-22.611,SJU,6,B,2,M,2.815,1
SJU 040,Mata Atlantica,Rio de Janeiro,-22.611,SJU,6,B,3,F,2.748,0
SJU 060,Mata Atlantica,Rio de Janeiro,-22.611,SJU,4,A,1,F,3.114,0
SJU 062,Mata Atlantica,Rio de Janeiro,-22.611,SJU,4,A,1,F,3.025,0
SJU 068,Mata Atlantica,Rio de Janeiro,-22.611,SJU,4,A,2,M,2.838,1
SJU 075,Mata Atlantica,Rio de Janeiro,-22.611,SJU,4,B,1,F,2.695,0
SJU 080,Mata Atlantica,Rio de Janeiro,-22.611,SJU,4,B,2,F,2.651,0
SJU 081,Mata Atlantica,Rio de Janeiro,-22.611,SJU,4,B,2,M,2.696,1
SJU 086,Mata Atlantica,Rio de Janeiro,-22.611,SJU,4,B,3,M,2.723,1
SJU 104,Mata Atlantica,Rio de Janeiro,-22.611,SJU,1,A,1,F,2.84,0
SJU 105,Mata Atlantica,Rio de Janeiro,-22.611,SJU,1,A,1,M,2.613,1
SJU 111,Mata Atlantica,Rio de Janeiro,-22.611,SJU,1,A,2,F,2.918,0
SJU 119,Mata Atlantica,Rio de Janeiro,-22.611,SJU,1,B,1,M,2.742,1
SJU 120,Mata Atlantica,Rio de Janeiro,-22.611,SJU,1,B,1,F,2.734,0
SJU 123,Mata Atlantica,Rio de Janeiro,-22.611,SJU,1,B,1,F,2.776,0
SJU 124,Mata Atlantica,Rio de Janeiro,-22.611,SJU,1,B,2,F,2.617,0
SJU 127,Mata Atlantica,Rio de Janeiro,-22.611,SJU,1,B,2,M,2.665,1
SJU 129,Mata Atlantica,Rio de Janeiro,-22.611,SJU,1,B,3,M,2.591,1
SJU 130,Mata Atlantica,Rio de Janeiro,-22.611,SJU,1,B,3,M,2.767,1
SJU 131,Mata Atlantica,Rio de Janeiro,-22.611,SJU,1,B,3,F,2.723,0
SJU 135,Mata Atlantica,Rio de Janeiro,-22.611,SJU,1,C,1,F,2.629,0
SJU 135,Mata Atlantica,Rio de Janeiro,-22.611,SJU,1,C,1,F,2.629,0
SJU 136,Mata Atlantica,Rio de Janeiro,-22.611,SJU,1,C,1,F,2.628,0
SJU 136,Mata Atlantica,Rio de Janeiro,-22.611,SJU,1,C,1,F,2.628,0
SJU 150,Mata Atlantica,Rio de Janeiro,-22.611,SJU,2,A,1,F,3.052,0
SJU 152,Mata Atlantica,Rio de Janeiro,-22.611,SJU,2,A,1,F,3.222,0
SJU 154,Mata Atlantica,Rio de Janeiro,-22.611,SJU,2,A,2,M,3.025,1
SJU 170,Mata Atlantica,Rio de Janeiro,-22.611,SJU,2,B,2,M,2.852,1
SJU 184,Mata Atlantica,Rio de Janeiro,-22.611,SJU,2,C,2,F,2.75,0
SJU 184,Mata Atlantica,Rio de Janeiro,-22.611,SJU,2,C,2,F,2.75,0
SJU 185,Mata Atlantica,Rio de Janeiro,-22.611,SJU,2,C,2,F,2.704,0
SJU 185,Mata Atlantica,Rio de Janeiro,-22.611,SJU,2,C,2,F,2.704,0
SJU 196,Mata Atlantica,Rio de Janeiro,-22.611,SJU,3,A,1,M,2.956,1
SJU 201,Mata Atlantica,Rio de Janeiro,-22.611,SJU,3,A,2,M,2.996,1
SJU 204,Mata Atlantica,Rio de Janeiro,-22.611,SJU,3,A,3,M,2.939,1
SJU 206,Mata Atlantica,Rio de Janeiro,-22.611,SJU,3,A,3,F,2.905,0
SJU 207,Mata Atlantica,Rio de Janeiro,-22.611,SJU,3,A,3,M,3.039,1
SJU 217,Mata Atlantica,Rio de Janeiro,-22.611,SJU,3,B,2,F,2.806,0
SJU 218,Mata Atlantica,Rio de Janeiro,-22.611,SJU,3,B,2,M,2.788,1
SJU 222,Mata Atlantica,Rio de Janeiro,-22.611,SJU,3,B,3,F,2.702,0
SJU 223,Mata Atlantica,Rio de Janeiro,-22.611,SJU,3,B,3,F,2.716,0
SJU 225,Mata Atlantica,Rio de Janeiro,-22.611,SJU,3,C,1,F,2.713,0
SJU 225,Mata Atlantica,Rio de Janeiro,-22.611,SJU,3,C,1,F,2.713,0
SJU 227,Mata Atlantica,Rio de Janeiro,-22.611,SJU,3,C,1,F,2.532,0
SJU 227,Mata Atlantica,Rio de Janeiro,-22.611,SJU,3,C,1,F,2.532,0
SJU 235,Mata Atlantica,Rio de Janeiro,-22.611,SJU,3,C,3,F,2.662,0
SJU 235,Mata Atlantica,Rio de Janeiro,-22.611,SJU,3,C,3,F,2.662,0
SJU 240,Mata Atlantica,Rio de Janeiro,-22.611,SJU,5,A,1,M,2.781,1
SJU 245,Mata Atlantica,Rio de Janeiro,-22.611,SJU,5,A,2,M,2.905,1
SJU 246,Mata Atlantica,Rio de Janeiro,-22.611,SJU,5,A,2,M,2.814,1
SJU 250,Mata Atlantica,Rio de Janeiro,-22.611,SJU,5,A,3,F,2.97,0
SJU 252,Mata Atlantica,Rio de Janeiro,-22.611,SJU,5,A,3,F,2.933,0
SJU 254,Mata Atlantica,Rio de Janeiro,-22.611,SJU,5,B,1,M,2.871,1
SJU 257,Mata Atlantica,Rio de Janeiro,-22.611,SJU,5,B,1,M,2.966,1
SJU 265,Mata Atlantica,Rio de Janeiro,-22.611,SJU,5,B,3,F,2.734,0
SJU 269,Mata Atlantica,Rio de Janeiro,-22.611,SJU,5,C,1,F,2.601,0
SJU 269,Mata Atlantica,Rio de Janeiro,-22.611,SJU,5,C,1,F,2.601,0
SJU 271,Mata Atlantica,Rio de Janeiro,-22.611,SJU,5,C,1,F,2.657,0
SJU 271,Mata Atlantica,Rio de Janeiro,-22.611,SJU,5,C,1,F,2.657,0
SJU 279,Mata Atlantica,Rio de Janeiro,-22.611,SJU,5,C,3,F,2.574,0
SJU 279,Mata Atlantica,Rio de Janeiro,-22.611,SJU,5,C,3,F,2.574,0
SJU 289,Mata Atlantica,Rio de Janeiro,-22.611,SJU,7,A,2,F,3.192,0
SJU 291,Mata Atlantica,Rio de Janeiro,-22.611,SJU,7,A,2,F,3.232,0
SJU 295,Mata Atlantica,Rio de Janeiro,-22.611,SJU,7,B,1,F,2.811,0
SJU 296,Mata Atlantica,Rio de Janeiro,-22.611,SJU,7,B,1,M,2.933,1
SJU 300,Mata Atlantica,Rio de Janeiro,-22.611,SJU,7,B,2,M,2.752,1
SJU 303,Mata Atlantica,Rio de Janeiro,-22.611,SJU,7,B,2,M,3.018,1
SJU 305,Mata Atlantica,Rio de Janeiro,-22.611,SJU,7,C,1,F,2.325,0
SJU 305,Mata Atlantica,Rio de Janeiro,-22.611,SJU,7,C,1,F,2.325,0
SJU 309,Mata Atlantica,Rio de Janeiro,-22.611,SJU,7,C,2,F,2.499,0
SJU 309,Mata Atlantica,Rio de Janeiro,-22.611,SJU,7,C,2,F,2.499,0
SJU 310,Mata Atlantica,Rio de Janeiro,-22.611,SJU,7,C,2,F,2.721,0
SJU 310,Mata Atlantica,Rio de Janeiro,-22.611,SJU,7,C,2,F,2.721,0
SJU 314,Mata Atlantica,Rio de Janeiro,-22.611,SJU,7,C,3,F,2.685,0
SJU 314,Mata Atlantica,Rio de Janeiro,-22.611,SJU,7,C,3,F,2.685,0
SJU 315,Mata Atlantica,Rio de Janeiro,-22.611,SJU,7,C,3,F,2.676,0
SJU 315,Mata Atlantica,Rio de Janeiro,-22.611,SJU,7,C,3,F,2.676,0
SJU 319,Mata Atlantica,Rio de Janeiro,-22.611,SJU,9,A,1,M,2.841,1
SJU 320,Mata Atlantica,Rio de Janeiro,-22.611,SJU,9,A,1,M,2.876,1
SJU 321,Mata Atlantica,Rio de Janeiro,-22.611,SJU,9,A,1,F,3.048,0
SJU 325,Mata Atlantica,Rio de Janeiro,-22.611,SJU,9,A,2,F,2.936,0
SJU 341,Mata Atlantica,Rio de Janeiro,-22.611,SJU,9,B,2,M,2.895,1
SJU 364,Mata Atlantica,Rio de Janeiro,-22.611,SJU,12,A,1,M,2.889,1
SJU 366,Mata Atlantica,Rio de Janeiro,-22.611,SJU,12,A,1,M,3.216,1
SJU 370,Mata Atlantica,Rio de Janeiro,-22.611,SJU,12,A,2,M,3.05,1
SJU 372,Mata Atlantica,Rio de Janeiro,-22.611,SJU,12,A,2,M,3.026,1
SJU 376,Mata Atlantica,Rio de Janeiro,-22.611,SJU,12,A,3,F,3.133,0
SJU 379,Mata Atlantica,Rio de Janeiro,-22.611,SJU,12,B,1,F,2.668,0
SJU 381,Mata Atlantica,Rio de Janeiro,-22.611,SJU,12,B,1,M,2.812,1
SJU 385,Mata Atlantica,Rio de Janeiro,-22.611,SJU,12,B,2,F,2.669,0
SJU 389,Mata Atlantica,Rio de Janeiro,-22.611,SJU,12,B,3,M,2.822,1
SJU 390,Mata Atlantica,Rio de Janeiro,-22.611,SJU,12,B,3,F,2.681,0
SJU 392,Mata Atlantica,Rio de Janeiro,-22.611,SJU,12,B,3,M,2.705,1
SJU 411,Mata Atlantica,Rio de Janeiro,-22.611,SJU,10,A,1,M,2.865,1
SJU 412,Mata Atlantica,Rio de Janeiro,-22.611,SJU,10,A,1,M,2.647,1
SJU 419,Mata Atlantica,Rio de Janeiro,-22.611,SJU,10,A,3,M,3.017,1
SJU 422,Mata Atlantica,Rio de Janeiro,-22.611,SJU,10,A,3,F,3.01,0
SJU 423,Mata Atlantica,Rio de Janeiro,-22.611,SJU,10,A,3,F,3.11,0
SJU 426,Mata Atlantica,Rio de Janeiro,-22.611,SJU,10,B,1,F,3.04,0
SJU 431,Mata Atlantica,Rio de Janeiro,-22.611,SJU,10,B,2,F,2.895,0
SJU 434,Mata Atlantica,Rio de Janeiro,-22.611,SJU,10,B,3,F,2.774,0
SJU 439,Mata Atlantica,Rio de Janeiro,-22.611,SJU,10,C,1,F,2.699,0
SJU 439,Mata Atlantica,Rio de Janeiro,-22.611,SJU,10,C,1,F,2.699,0
SJU 461,Mata Atlantica,Rio de Janeiro,-22.611,SJU,11,A,2,F,3.137,0
SJU 465,Mata Atlantica,Rio de Janeiro,-22.611,SJU,11,A,3,F,3.345,0
SJU 472,Mata Atlantica,Rio de Janeiro,-22.611,SJU,11,B,1,F,2.783,0
SJU 473,Mata Atlantica,Rio de Janeiro,-22.611,SJU,11,B,1,M,2.805,1
SJU 481,Mata Atlantica,Rio de Janeiro,-22.611,SJU,11,B,3,M,2.76,1
TLC 104,Cerrado,Tocantins,-10.7,TLC,74,A,1,M,2.674,1
TLC 105,Cerrado,Tocantins,-10.7,TLC,74,A,1,F,2.786,0
TLC 114,Cerrado,Tocantins,-10.7,TLC,74,A,3,M,2.848,1
TLC 119,Cerrado,Tocantins,-10.7,TLC,74,B,1,M,2.665,1
TLC 120,Cerrado,Tocantins,-10.7,TLC,74,B,1,M,2.789,1
TLC 121,Cerrado,Tocantins,-10.7,TLC,74,B,1,M,2.82,1
TLC 125,Cerrado,Tocantins,-10.7,TLC,74,B,2,M,2.872,1
TLC 129,Cerrado,Tocantins,-10.7,TLC,74,B,3,M,2.694,1
TLC 130,Cerrado,Tocantins,-10.7,TLC,74,B,3,F,2.607,0
TLC 132,Cerrado,Tocantins,-10.7,TLC,74,B,3,F,2.725,0
TLC 136,Cerrado,Tocantins,-10.7,TLC,74,C,1,F,2.615,0
TLC 137,Cerrado,Tocantins,-10.7,TLC,74,C,1,F,2.593,0
TLC 139,Cerrado,Tocantins,-10.7,TLC,74,C,2,F,2.49,0
TLC 145,Cerrado,Tocantins,-10.7,TLC,74,C,3,F,2.515,0
TLC 146,Cerrado,Tocantins,-10.7,TLC,74,C,3,F,2.507,0
TLC 150,Cerrado,Tocantins,-10.7,TLC,75,A,1,F,2.726,0
TLC 151,Cerrado,Tocantins,-10.7,TLC,75,A,1,F,2.851,0
TLC 162,Cerrado,Tocantins,-10.7,TLC,75,A,3,F,2.746,0
TLC 163,Cerrado,Tocantins,-10.7,TLC,75,A,3,M,2.855,1
TLC 166,Cerrado,Tocantins,-10.7,TLC,75,B,1,F,2.75,0
TLC 176,Cerrado,Tocantins,-10.7,TLC,75,B,3,F,2.668,0
TLC 178,Cerrado,Tocantins,-10.7,TLC,75,B,3,F,2.798,0
TLC 184,Cerrado,Tocantins,-10.7,TLC,75,C,2,F,2.398,0
TLC 185,Cerrado,Tocantins,-10.7,TLC,75,C,2,M,2.49,1
TLC 189,Cerrado,Tocantins,-10.7,TLC,75,C,3,M,2.587,1
TLC 194,Cerrado,Tocantins,-10.7,TLC,76,A,1,M,2.487,1
TLC 198,Cerrado,Tocantins,-10.7,TLC,76,A,1,F,2.678,0
TLC 206,Cerrado,Tocantins,-10.7,TLC,76,A,3,M,2.768,1
TLC 207,Cerrado,Tocantins,-10.7,TLC,76,A,3,F,2.644,0
TLC 209,Cerrado,Tocantins,-10.7,TLC,76,B,1,M,2.779,1
TLC 210,Cerrado,Tocantins,-10.7,TLC,76,B,1,F,2.696,0
TLC 214,Cerrado,Tocantins,-10.7,TLC,76,B,2,M,2.676,1
TLC 215,Cerrado,Tocantins,-10.7,TLC,76,B,2,F,2.48,0
TLC 218,Cerrado,Tocantins,-10.7,TLC,76,B,2,F,2.62,0
TLC 219,Cerrado,Tocantins,-10.7,TLC,76,B,3,M,2.827,1
TLC 226,Cerrado,Tocantins,-10.7,TLC,76,C,1,F,2.689,0
TLC 229,Cerrado,Tocantins,-10.7,TLC,76,C,2,F,2.399,0
TLC 231,Cerrado,Tocantins,-10.7,TLC,76,C,2,F,2.464,0
TLC 234,Cerrado,Tocantins,-10.7,TLC,76,C,3,F,2.449,0
TLC 237,Cerrado,Tocantins,-10.7,TLC,76,C,3,F,2.507,0
TLC 239,Cerrado,Tocantins,-10.7,TLC,82,A,1,M,2.68,1
TLC 242,Cerrado,Tocantins,-10.7,TLC,82,A,1,M,2.924,1
TLC 244,Cerrado,Tocantins,-10.7,TLC,82,A,2,F,2.544,0
TLC 245,Cerrado,Tocantins,-10.7,TLC,82,A,2,M,2.594,1
TLC 248,Cerrado,Tocantins,-10.7,TLC,82,A,2,F,2.917,0
TLC 249,Cerrado,Tocantins,-10.7,TLC,82,A,3,F,2.572,0
TLC 253,Cerrado,Tocantins,-10.7,TLC,82,A,3,M,2.794,1
TLC 256,Cerrado,Tocantins,-10.7,TLC,82,B,1,F,2.599,0
TLC 257,Cerrado,Tocantins,-10.7,TLC,82,B,1,M,2.609,1
TLC 260,Cerrado,Tocantins,-10.7,TLC,82,B,2,M,2.536,1
TLC 262,Cerrado,Tocantins,-10.7,TLC,82,B,2,M,2.847,1
TLC 267,Cerrado,Tocantins,-10.7,TLC,82,B,3,F,2.617,0
TLC 271,Cerrado,Tocantins,-10.7,TLC,82,C,1,F,2.699,0
TLC 275,Cerrado,Tocantins,-10.7,TLC,82,C,2,M,2.305,1
TLC 276,Cerrado,Tocantins,-10.7,TLC,82,C,2,F,2.512,0
TLC 281,Cerrado,Tocantins,-10.7,TLC,82,C,3,M,2.475,1
TLC 283,Cerrado,Tocantins,-10.7,TLC,82,C,3,F,2.595,0
TLC 284,Cerrado,Tocantins,-10.7,TLC,79,A,1,M,3.104,1
TLC 285,Cerrado,Tocantins,-10.7,TLC,79,A,1,F,2.767,0
TLC 286,Cerrado,Tocantins,-10.7,TLC,79,A,1,F,2.82,0
TLC 295,Cerrado,Tocantins,-10.7,TLC,79,A,3,M,2.868,1
TLC 296,Cerrado,Tocantins,-10.7,TLC,79,A,3,M,2.865,1
TLC 302,Cerrado,Tocantins,-10.7,TLC,79,B,1,F,2.729,0
TLC 304,Cerrado,Tocantins,-10.7,TLC,79,B,2,M,2.703,1
TLC 307,Cerrado,Tocantins,-10.7,TLC,79,B,2,F,2.698,0
TLC 311,Cerrado,Tocantins,-10.7,TLC,79,B,3,M,3.004,1
TLC 316,Cerrado,Tocantins,-10.7,TLC,79,C,1,M,2.651,1
TLC 324,Cerrado,Tocantins,-10.7,TLC,79,C,3,M,2.495,1
TLC 327,Cerrado,Tocantins,-10.7,TLC,79,C,3,M,2.583,1
TLC 332,Cerrado,Tocantins,-10.7,TLC,83,A,1,F,2.733,0
TLC 333,Cerrado,Tocantins,-10.7,TLC,83,A,1,M,2.884,1
TLC 334,Cerrado,Tocantins,-10.7,TLC,83,A,2,M,2.759,1
TLC 335,Cerrado,Tocantins,-10.7,TLC,83,A,2,F,2.713,0
TLC 338,Cerrado,Tocantins,-10.7,TLC,83,A,2,M,3.059,1
TLC 340,Cerrado,Tocantins,-10.7,TLC,83,A,3,F,2.742,0
TLC 341,Cerrado,Tocantins,-10.7,TLC,83,A,3,M,2.663,1
TLC 342,Cerrado,Tocantins,-10.7,TLC,83,A,3,F,2.933,0
TLC 346,Cerrado,Tocantins,-10.7,TLC,83,B,1,M,2.837,1
TLC 347,Cerrado,Tocantins,-10.7,TLC,83,B,1,F,2.744,0
TLC 348,Cerrado,Tocantins,-10.7,TLC,83,B,1,M,2.891,1
TLC 349,Cerrado,Tocantins,-10.7,TLC,83,B,2,F,2.678,0
TLC 352,Cerrado,Tocantins,-10.7,TLC,83,B,2,F,2.72,0
TLC 356,Cerrado,Tocantins,-10.7,TLC,83,B,3,M,2.683,1
TLC 359,Cerrado,Tocantins,-10.7,TLC,83,C,1,M,2.532,1
TLC 360,Cerrado,Tocantins,-10.7,TLC,83,C,1,M,2.375,1
TLC 379,Cerrado,Tocantins,-10.7,TLC,77,A,2,F,2.731,0
TLC 381,Cerrado,Tocantins,-10.7,TLC,77,A,2,M,2.705,1
TLC 382,Cerrado,Tocantins,-10.7,TLC,77,A,2,M,2.696,1
TLC 383,Cerrado,Tocantins,-10.7,TLC,77,A,2,M,3.032,1
TLC 384,Cerrado,Tocantins,-10.7,TLC,77,A,3,F,2.678,0
TLC 391,Cerrado,Tocantins,-10.7,TLC,77,B,1,F,2.609,0
TLC 393,Cerrado,Tocantins,-10.7,TLC,77,B,1,M,2.84,1
TLC 394,Cerrado,Tocantins,-10.7,TLC,77,B,2,F,2.578,0
TLC 396,Cerrado,Tocantins,-10.7,TLC,77,B,2,F,2.645,0
TLC 399,Cerrado,Tocantins,-10.7,TLC,77,B,3,M,2.891,1
TLC 404,Cerrado,Tocantins,-10.7,TLC,77,C,1,F,2.427,0
TLC 405,Cerrado,Tocantins,-10.7,TLC,77,C,1,F,2.388,0
TLC 406,Cerrado,Tocantins,-10.7,TLC,77,C,1,M,2.553,1
TLC 407,Cerrado,Tocantins,-10.7,TLC,77,C,1,M,2.734,1
TLC 409,Cerrado,Tocantins,-10.7,TLC,77,C,2,F,2.409,0
TLC 410,Cerrado,Tocantins,-10.7,TLC,77,C,2,M,2.55,1
TLC 413,Cerrado,Tocantins,-10.7,TLC,77,C,2,M,2.881,1
TLC 415,Cerrado,Tocantins,-10.7,TLC,77,C,3,M,2.641,1
TLC 426,Cerrado,Tocantins,-10.7,TLC,80,A,2,M,2.738,1
TLC 427,Cerrado,Tocantins,-10.7,TLC,80,A,2,F,2.926,0
TLC 428,Cerrado,Tocantins,-10.7,TLC,80,A,2,F,2.86,0
TLC 431,Cerrado,Tocantins,-10.7,TLC,80,A,3,F,2.695,0
TLC 440,Cerrado,Tocantins,-10.7,TLC,80,B,2,M,2.609,1
TLC 441,Cerrado,Tocantins,-10.7,TLC,80,B,2,M,2.715,1
TLC 443,Cerrado,Tocantins,-10.7,TLC,80,B,2,F,2.668,0
TLC 444,Cerrado,Tocantins,-10.7,TLC,80,B,3,F,2.532,0
TLC 450,Cerrado,Tocantins,-10.7,TLC,80,C,1,M,2.586,1
TLC 451,Cerrado,Tocantins,-10.7,TLC,80,C,1,M,2.549,1
TLC 454,Cerrado,Tocantins,-10.7,TLC,80,C,2,M,2.519,1
TLC 456,Cerrado,Tocantins,-10.7,TLC,80,C,2,M,2.68,1
TLC 457,Cerrado,Tocantins,-10.7,TLC,80,C,2,F,2.691,0
TLC 459,Cerrado,Tocantins,-10.7,TLC,80,C,3,F,2.545,0
TLC 460,Cerrado,Tocantins,-10.7,TLC,80,C,3,M,2.641,1
TLC 461,Cerrado,Tocantins,-10.7,TLC,80,C,3,M,2.711,1
TLC 462,Cerrado,Tocantins,-10.7,TLC,80,C,3,F,2.607,0
TPN 021,Cerrado,Tocantins,-10.796,TPN,11,A,1,F,2.694,0
TPN 022,Cerrado,Tocantins,-10.796,TPN,11,A,1,F,2.558,0
TPN 023,Cerrado,Tocantins,-10.796,TPN,11,A,1,M,2.693,1
TPN 026,Cerrado,Tocantins,-10.796,TPN,11,A,2,F,2.899,0
TPN 027,Cerrado,Tocantins,-10.796,TPN,11,A,2,F,2.92,0
TPN 028,Cerrado,Tocantins,-10.796,TPN,11,A,2,F,2.815,0
TPN 032,Cerrado,Tocantins,-10.796,TPN,11,A,3,F,2.689,0
TPN 033,Cerrado,Tocantins,-10.796,TPN,11,A,3,M,2.746,1
TPN 034,Cerrado,Tocantins,-10.796,TPN,11,A,3,F,2.879,0
TPN 036,Cerrado,Tocantins,-10.796,TPN,11,B,1,M,2.759,1
TPN 038,Cerrado,Tocantins,-10.796,TPN,11,B,1,M,2.623,1
TPN 040,Cerrado,Tocantins,-10.796,TPN,11,B,1,F,2.681,0
TPN 041,Cerrado,Tocantins,-10.796,TPN,11,B,2,M,2.765,1
TPN 042,Cerrado,Tocantins,-10.796,TPN,11,B,2,M,2.702,1
TPN 043,Cerrado,Tocantins,-10.796,TPN,11,B,2,F,2.826,0
TPN 044,Cerrado,Tocantins,-10.796,TPN,11,B,2,M,2.921,1
TPN 046,Cerrado,Tocantins,-10.796,TPN,11,B,3,F,2.585,0
TPN 049,Cerrado,Tocantins,-10.796,TPN,11,B,3,M,3.007,1
TPN 051,Cerrado,Tocantins,-10.796,TPN,11,C,1,M,2.608,1
TPN 053,Cerrado,Tocantins,-10.796,TPN,11,C,1,M,2.951,1
TPN 059,Cerrado,Tocantins,-10.796,TPN,11,C,2,M,2.737,1
TPN 060,Cerrado,Tocantins,-10.796,TPN,11,C,2,M,2.907,1
TPN 066,Cerrado,Tocantins,-10.796,TPN,12,A,1,M,2.972,1
TPN 067,Cerrado,Tocantins,-10.796,TPN,12,A,1,F,2.888,0
TPN 068,Cerrado,Tocantins,-10.796,TPN,12,A,1,M,2.921,1
TPN 069,Cerrado,Tocantins,-10.796,TPN,12,A,1,F,3.034,0
TPN 076,Cerrado,Tocantins,-10.796,TPN,12,A,3,M,2.89,1
TPN 077,Cerrado,Tocantins,-10.796,TPN,12,A,3,M,2.734,1
TPN 079,Cerrado,Tocantins,-10.796,TPN,12,A,3,M,2.952,1
TPN 082,Cerrado,Tocantins,-10.796,TPN,12,B,1,F,2.846,0
TPN 086,Cerrado,Tocantins,-10.796,TPN,12,B,2,M,2.59,1
TPN 087,Cerrado,Tocantins,-10.796,TPN,12,B,2,M,2.802,1
TPN 088,Cerrado,Tocantins,-10.796,TPN,12,B,2,F,2.75,0
TPN 089,Cerrado,Tocantins,-10.796,TPN,12,B,2,F,2.743,0
TPN 090,Cerrado,Tocantins,-10.796,TPN,12,B,2,M,2.929,1
TPN 091,Cerrado,Tocantins,-10.796,TPN,12,B,3,F,2.769,0
TPN 092,Cerrado,Tocantins,-10.796,TPN,12,B,3,F,2.769,0
TPN 093,Cerrado,Tocantins,-10.796,TPN,12,B,3,M,2.842,1
TPN 096,Cerrado,Tocantins,-10.796,TPN,12,C,1,F,2.676,0
TPN 097,Cerrado,Tocantins,-10.796,TPN,12,C,1,F,2.594,0
TPN 099,Cerrado,Tocantins,-10.796,TPN,12,C,1,F,2.634,0
TPN 100,Cerrado,Tocantins,-10.796,TPN,12,C,1,M,2.672,1
TPN 101,Cerrado,Tocantins,-10.796,TPN,12,C,2,M,2.558,1
TPN 102,Cerrado,Tocantins,-10.796,TPN,12,C,2,F,2.654,0
TPN 103,Cerrado,Tocantins,-10.796,TPN,12,C,2,M,2.772,1
TPN 106,Cerrado,Tocantins,-10.796,TPN,12,C,3,M,2.597,1
TPN 107,Cerrado,Tocantins,-10.796,TPN,12,C,3,F,2.588,0
TPN 108,Cerrado,Tocantins,-10.796,TPN,12,C,3,F,2.785,0
TPN 111,Cerrado,Tocantins,-10.796,TPN,9,A,1,F,2.683,0
TPN 116,Cerrado,Tocantins,-10.796,TPN,9,A,2,M,3.091,1
TPN 121,Cerrado,Tocantins,-10.796,TPN,9,A,3,F,2.737,0
TPN 122,Cerrado,Tocantins,-10.796,TPN,9,A,3,M,2.889,1
TPN 126,Cerrado,Tocantins,-10.796,TPN,9,B,1,F,2.61,0
TPN 131,Cerrado,Tocantins,-10.796,TPN,9,B,2,F,2.734,0
TPN 136,Cerrado,Tocantins,-10.796,TPN,9,B,3,M,2.833,1
TPN 137,Cerrado,Tocantins,-10.796,TPN,9,B,3,M,2.772,1
TPN 138,Cerrado,Tocantins,-10.796,TPN,9,B,3,M,2.968,1
TPN 146,Cerrado,Tocantins,-10.796,TPN,9,C,2,M,2.753,1
TPN 147,Cerrado,Tocantins,-10.796,TPN,9,C,2,F,2.542,0
TPN 148,Cerrado,Tocantins,-10.796,TPN,9,C,2,F,2.519,0
TPN 156,Cerrado,Tocantins,-10.796,TPN,14,A,1,F,2.908,0
TPN 157,Cerrado,Tocantins,-10.796,TPN,14,A,1,M,2.807,1
TPN 158,Cerrado,Tocantins,-10.796,TPN,14,A,1,M,2.828,1
TPN 161,Cerrado,Tocantins,-10.796,TPN,14,A,2,M,3.195,1
TPN 166,Cerrado,Tocantins,-10.796,TPN,14,A,3,M,3.016,1
TPN 167,Cerrado,Tocantins,-10.796,TPN,14,A,3,F,2.776,0
TPN 168,Cerrado,Tocantins,-10.796,TPN,14,A,3,F,2.691,0
TPN 171,Cerrado,Tocantins,-10.796,TPN,14,B,1,F,2.682,0
TPN 172,Cerrado,Tocantins,-10.796,TPN,14,B,1,M,2.884,1
TPN 173,Cerrado,Tocantins,-10.796,TPN,14,B,1,M,2.986,1
TPN 174,Cerrado,Tocantins,-10.796,TPN,14,B,1,M,2.965,1
TPN 176,Cerrado,Tocantins,-10.796,TPN,14,B,2,M,2.61,1
TPN 178,Cerrado,Tocantins,-10.796,TPN,14,B,2,F,2.719,0
TPN 182,Cerrado,Tocantins,-10.796,TPN,14,C,1,M,2.673,1
TPN 183,Cerrado,Tocantins,-10.796,TPN,14,C,1,F,2.741,0
TPN 187,Cerrado,Tocantins,-10.796,TPN,14,C,2,M,2.785,1
TPN 188,Cerrado,Tocantins,-10.796,TPN,14,C,2,F,2.607,0
TPN 191,Cerrado,Tocantins,-10.796,TPN,14,C,3,M,2.546,1
TPN 197,Cerrado,Tocantins,-10.796,TPN,7,A,1,F,2.758,0
TPN 198,Cerrado,Tocantins,-10.796,TPN,7,A,1,F,2.801,0
TPN 199,Cerrado,Tocantins,-10.796,TPN,7,A,1,F,2.874,0
TPN 201,Cerrado,Tocantins,-10.796,TPN,7,A,2,M,2.79,1
TPN 202,Cerrado,Tocantins,-10.796,TPN,7,A,2,F,2.734,0
TPN 203,Cerrado,Tocantins,-10.796,TPN,7,A,2,F,2.733,0
TPN 205,Cerrado,Tocantins,-10.796,TPN,7,A,2,F,2.69,0
TPN 206,Cerrado,Tocantins,-10.796,TPN,7,A,3,M,2.75,1
TPN 207,Cerrado,Tocantins,-10.796,TPN,7,A,3,M,2.737,1
TPN 208,Cerrado,Tocantins,-10.796,TPN,7,A,3,M,2.729,1
TPN 209,Cerrado,Tocantins,-10.796,TPN,7,A,3,M,2.681,1
TPN 210,Cerrado,Tocantins,-10.796,TPN,7,A,3,M,2.978,1
TPN 211,Cerrado,Tocantins,-10.796,TPN,7,B,1,M,2.545,1
TPN 212,Cerrado,Tocantins,-10.796,TPN,7,B,1,F,2.559,0
TPN 213,Cerrado,Tocantins,-10.796,TPN,7,B,1,F,2.467,0
TPN 214,Cerrado,Tocantins,-10.796,TPN,7,B,1,F,2.569,0
TPN 215,Cerrado,Tocantins,-10.796,TPN,7,B,1,F,2.699,0
TPN 216,Cerrado,Tocantins,-10.796,TPN,7,B,2,F,2.441,0
TPN 217,Cerrado,Tocantins,-10.796,TPN,7,B,2,M,2.462,1
TPN 222,Cerrado,Tocantins,-10.796,TPN,7,B,3,M,2.447,1
TPN 224,Cerrado,Tocantins,-10.796,TPN,7,B,3,F,2.493,0
TPN 225,Cerrado,Tocantins,-10.796,TPN,7,B,3,F,2.505,0
TPN 226,Cerrado,Tocantins,-10.796,TPN,7,C,1,M,2.354,1
TPN 227,Cerrado,Tocantins,-10.796,TPN,7,C,1,F,2.254,0
TPN 229,Cerrado,Tocantins,-10.796,TPN,7,C,1,F,2.392,0
TPN 230,Cerrado,Tocantins,-10.796,TPN,7,C,1,F,2.407,0
TPN 231,Cerrado,Tocantins,-10.796,TPN,7,C,2,F,2.292,0
TPN 232,Cerrado,Tocantins,-10.796,TPN,7,C,2,M,2.329,1
TPN 234,Cerrado,Tocantins,-10.796,TPN,7,C,2,M,2.555,1
TPN 235,Cerrado,Tocantins,-10.796,TPN,7,C,2,M,2.497,1
TPN 236,Cerrado,Tocantins,-10.796,TPN,7,C,3,F,2.354,0
TPN 237,Cerrado,Tocantins,-10.796,TPN,7,C,3,M,2.449,1
TPN 238,Cerrado,Tocantins,-10.796,TPN,7,C,3,M,2.449,1
TPN 239,Cerrado,Tocantins,-10.796,TPN,7,C,3,M,2.59,1
TPN 240,Cerrado,Tocantins,-10.796,TPN,7,C,3,F,2.444,0
